{"cameraMode":{"drawMode":0,"name":"Shaded","section":"Shading Mode"},"sceneLighting":false,"audioPlay":false,"sceneViewState":{"showFog":true,"showMaterialUpdate":false,"showSkybox":false,"showFlares":true,"showImageEffects":true,"showParticleSystems":true},"in2DMode":false,"pivot":{"x":0.11000000685453415,"y":1.100000023841858,"z":0.0},"rotation":{"x":0.07162918895483017,"y":0.8835285902023315,"z":-0.14385324716567994,"w":0.43994641304016116},"size":1.05323326587677,"orthographic":false}